Unnamed: 0,Unnamed: 1,Unnamed: 2,Unnamed: 3,Unnamed: 4,Unnamed: 5,Unnamed: 6,Unnamed: 7,Unnamed: 8,Price GBp,13780,Unnamed: 11
,Name,Indication,Rights,Approved,Class,Admin,IP,,Price USD,90.84,
,Soliris (eculizumab),PNH,1,2007-03-16 00:00:00,C5 mab,IV,Biosimilar,,Shares,1561,Q325
,Tagrisso (osimertinib),NSCLC,1,2015-11-13 00:00:00,EGFR TKI,Oral,2032,,MC USD,141801.24000000002,
,Imfinzi (durvalumab),NSCLC,1,2017-05-01 00:00:00,PD-L1 mab,IV,,,Cash USD,0,Q325
,Farxiga (dapaglifozin),Type 2 Diabetes,BMY,2014-01-08 00:00:00,SGLT2 Inhibitor,Oral,2025,,Debt USD,23965,Q325
,Symbicort (budenoside/formoterol),Asthma,1,,ICS/LABA,Inhaled,,,EV USD,165766.24000000002,
,Onglyza (saxagliptin),Type 2 Diabetes,BMY,,DPP4,Oral,,,,,
,Brilinta (ticagrelor),ACS,1,,Platelet Inhibitor,Oral,,,CEO: Pascal Soriot,,
,Lynparza (olaparib),Cancer,MRK,2014-12-19 00:00:00,PARP inhibitor,Oral,2024,,EVP Biopharma R&D: Sharon Barr,,
,Ultomiris (ravulizumab),PNH,1,2018-12-21 00:00:00,C5 mab,IV,,,"SVP, Late CVRM: Elisabeth Bjork",,
,Calquence (acalabrutinib),"MCL, CLL",Acerta,2017-10-31 00:00:00,BTK inhibitor,Oral,,,,,
,Tezspire (tezepelumab),Asthma,AMGN,,,,,,,,
,Enhertu (trastuzumab deruxtecan),HER2+ mBC,Daiichi,2019-12-20 00:00:00,HER2 ADC,IV,,,,,
,Fasenra (benralizumab),Asthma,,,IL-5,,,,,,
,Strensiq (asfotase alfa),Hypophosphatasia,1,,,IV,,,,,
,"Breztri (budesonide, formoterol fumarate, glycopyrrolate)",Asthma,,2020-07-23 00:00:00,ICS/LABA/M1,Inhaled,,,,,
,Beyfortus (nirsevimab),RSV,SNY,2023-07-17 00:00:00,,IV,,,,,
,Truqap (capivasertib),"HR+, HER2- mBC",,2023-11-16 00:00:00,AKT,Oral,,,Manufacturing,,
,Imjudo (tremelimumab),,,,CTLA4,IV,,,Singapore 1.5B ADC facility,,
,Saphnelo (anifrolumab),SLE,1,,Anti-IFNalphaR1,,,,,,
,Datroway (datopotamab deruxtecan),NSCLC,Daiichi,,TROP2-ADC,IV,,,,,
,Wainua/Wainzua (eplontersen),ATTRv-PN,IONS,2023-12-21 00:00:00,ASO,SC,,,,,
,Attruby/Beyonttra (acoramidis),ATTR-CM,BBIO US,,,,,,,,
,Lokelma (sodium zirconium cyclosilicate),,1,,,,Settled,,,,
,Koselugo (selumetinib),Neurofibromas,MRK/PFE,,MEK1/MEK2,Oral,,,,,
,Iressa (gefitinib),NSCLC,1,,Anti-EGFr,Oral,,,Acquisitions & Investments,,
,,,,Phase,,,,,"Cellectis - 220m equity, 25m upfront (44% stake)",,
,camizestrant,HR+ mBC,100%?,III,SERD,Oral,,,"Fusion Pharmaceuticals closed 6/4/2024, $2,051m consideration",,
,rilvegostomig,Oncology,,III,PD-1/TIGIT,,,,"Amolyt closed 7/15/2024, (800m upfront)",,
,gefurulimab,Myasthenia Gravis,,III,C5/albumin mab,SC,,,"Icosavax closed 2/19/2024, $841m, $300m CoCo.",,
,saruparib (fka AZD5305),Oncology,,,PARP inhibitor,,,,"Gracell closed 2/22/2024, $983m cash consideration.",,
,volrustomig,Oncology,,,PD-1/CTLA,,,,Alexion,,
,eneboparatide,Hypoparathyroidism,,III,PTHR1 agonist,,,,Medimmune,,
,baxdrostat,HTN/CKD,,,aldosterone synthase inhibitor,,,,"Fibrogen China announced 2/2025, 160m including 75m cash",,
,tozorakimab,"COPD, respiratory tract disease, Asthma",,III,IL-33 mab,,,,"EsoBiotec 3/25 agreement - cell therapy, 425m upfront",,
,sonesitatug vedotin (AZD0901),gastric cancer,,III,CLDN18.2 ADC,,,,Harbour BioMed multi-specific mabs - 175m upfront.,,
,tilatamig samrotecan (AZD9592),solid tumors,,II,EGFR/cmet TOP1i ADC,,,,Neogene (189m USD),,
,IVX-A12,hMPV/RSV,,,vaccine,,,,Alteogen Hybrozyme for oncology hyaluronidase. 3/25 agreement.,,
,efzimfotase alfa,HPP,,,,,,,Acquired ZS Pharma in 2015,,
,0780 laroprovstat,Atherosclerosis,,III,Oral PCSK9,,,,,"Bogart, GA",
,AL2220,ATTR,,,,,,,,"Coppell, TX",
,0120,"MM, SLE",,,CD19/BCMA CART,,,,,"Frederick, MD",
,anselamimab,AL amyloidosis,,Failed,,,,,,"Mt Vernon, IN",
,FPI-2265,mCRPC,,,,,,,,"Newark, DE ",
,FPI-2059,,,,,,,,,"Philadelphia, PA",
,0240,solid tumors,,I,KRAS G12D armored TCRT,,,,,Puerto Rico ,
,0516,prostate cancer,,I,STEAP2 TOP1i ADC,,,,,"Redwood City, CA",
,0754,prostate cancer,,I,STEAP2 CAR-T,,,,,"Rockville, MD *",
,1390,glioblastoma,,I,ATM inhibitor,,,,,"Santa Monica, CA",
,AZD8421,solid tumors,,I,CDK2 inhibitor,,,,,"Tarzana, CA",
,puxitatug samrotecan,Oncology,,,B7-H4 ADC,,,,,,
,2068,Cancer,,,EGFR/cmet bispecific radioconjugate mab,IV,,,,,
,2284,prostate cancer,,I,STEAP2 radioconjugate,,,,,,
,9793,solid tumors,,I,GPC3 TCE,,,,,,
,2373,nephropathy,,I,APOL1,,,,,,
,8630,asthma,,II,"TSLP fab, inhaled",,,,,,
,7798,Crohn's,,II,,,,,,,
,NT-112,solid tumors,,I,TGFBR2 KO armored TCR-T targeting KRAS G12D,,,,,,
,NT-175,solid tumors,,I,TGFBR2 KO armored TCR-T targeting TP53 R175H,,,,,,
,2962,hemonc,,I,IRAK4,,,,,,
,6793,COPD,,I,IRAK4,,,,,,
,4512,R/R NHL,,I,CD22 ADC,,,,,,
,4604,Asthma,,I,"JAK1, inhaled",,,,,,
,3470,cHL,,I,PRMT5,,,,,,
,4360,solid tumors,,,CLDN18.2 ADC,,,,,,
,5492,hemonc,,I,CD20 TITAN TCE,,,,,,
,atuliflapon,Asthma,,II,FLAP,,,,,,
,5863,solid tumors,,I,CLDN18.2xCD3,,,,,,
,6621,prostate cancer,,I,STEAP2 TCE,,,,,,
,0486,"B-Cell ALL, NHL",,,CD19xCD3 BiTE,,,,,,
,6750,solid tumors,,I,CD8-guided IL-2,,,,,,
,7003,HCC,,I,GPC3 CART,,,,,,
,2389,MASH,,II,antifibrotic,,,,,,
,4954,dyslipidemia,,I,Lp(a) inhibitor,,,,,,
,5462,heart failure,,II,RXFP1 agonist,,,,,,
,6234,T2D/Obesity,,II,amylin,SC qw,,,,,
,0305,RRMM,,,GPRC5D ADC,,,,,,
,9550,T2D/Obesity,,II,GLP-1/glucagon,SC qw,,,,,
,5004,T2D/Obesity,Eccogene,II,GLP-1 agonist,Oral,,,,,
,,,,,,,,,,,
,,,,,,January 2008: Filed motavizumab.,,,,,
,,,,,,March 2008: Crestor JUPITER study stopped early for efficacy.,,,,,
,,,,,,July 31 2009: Onglyza approved.,,,,,
,,,,,,Q409: Court case for Seroquel?,,,,,
,,,,,,January 2010: Court case for Nexium.,,,,Alexion,
,,,,,,February 2010: Court case for Crestor.,,,,Synageva,
,,,,,,Q2/Q3 2010: Recentin GBM data.,,,,Portola,
,,,,,,YE 2010: Seroquel XR EMEA decision,,,,,
,,,,,,,,,,,
,,,,,,,,,,,
,,,,,,,,,,,
,,,,,,,,,,,
,,,,,,,,,,,
,,,,,,,,,,,
,,,,,,9/27/22: Koselugo approved in Japan,,,,,
,,,,,,7/25/24: Q224 results,,,,,
