Main,Unnamed: 1,Unnamed: 2,Unnamed: 3,Unnamed: 4,Unnamed: 5,Unnamed: 6,Unnamed: 7,Unnamed: 8,Unnamed: 9,Unnamed: 10,Unnamed: 11,Unnamed: 12,Unnamed: 13,Unnamed: 14,Unnamed: 15,Unnamed: 16,Unnamed: 17,Unnamed: 18,Unnamed: 19,Unnamed: 20,Unnamed: 21,Unnamed: 22,Unnamed: 23,Unnamed: 24,Unnamed: 25,Unnamed: 26,Unnamed: 27,Unnamed: 28,Unnamed: 29,Unnamed: 30,Unnamed: 31,Unnamed: 32,Unnamed: 33,Unnamed: 34,Unnamed: 35,Unnamed: 36,Unnamed: 37,Unnamed: 38,Unnamed: 39,Unnamed: 40,Unnamed: 41,Unnamed: 42,Unnamed: 43,Unnamed: 44,Unnamed: 45,Unnamed: 46,Unnamed: 47,Unnamed: 48,Unnamed: 49,Unnamed: 50,Unnamed: 51,Unnamed: 52,Unnamed: 53,Unnamed: 54,Unnamed: 55,Unnamed: 56,Unnamed: 57
,RMB,Q120,Q220,Q320,Q420,Q121,Q221,Q321,Q421,Q122,Q222,Q322,Q422,Q123,Q223,Q323,Q423,Q124,Q224,Q324,Q424,Q125,Q225,Q325,Q425,,2010.0,2011.0,2012.0,2013.0,2014.0,2015.0,2016.0,2017.0,2018.0,2019.0,2020.0,2021.0,2022.0,2023.0,2024.0,2025.0,2026.0,2027.0,2028.0,2029.0,2030.0,2031.0,2032.0,2033.0,2034.0,2035.0,2036.0,2037.0,2038.0,2039.0,2040.0
,iQIYI,,,,,7968,,,7389,7277,,,,,,,,,,,,,,,,,,,,,,,,,,,,,,,,,,,,,,,,,,,,,,,
,,,,,,,,,,,,,,,,,,,,,,,,,,,,,,,,,,,,,,,,,,,,,,,,,,,,,,,,,
,Marketing,,,,,18094,20828,21050,20723,16929,18268,19943,19571,17972,21081,21346,20804,18490,20625,21346,20804,,,,,,,,,,,,,,81912.0,78093.0,59972.0,80695.0,74711.0,81203.0,81265.0,,,,,,,,,,,,,,,,
,Other,,,,,10040,10522,10871,12365,11482,11379,12597,13506,13172,12975,13101,14147,13023,13306,13101,14147,,,,,,,,,,,,,,20365.0,29320.0,31433.0,43798.0,48964.0,53395.0,53577.0,,,,,,,,,,,,,,,,
,Revenue,,,,,28134,31350,31921,33088,28411,29647,32540,33077,31144,34056,34447,34951,31513,33931,34447,34951,,,,,,,,,,,,,,102277.0,107413.0,91405.0,124493.0,123675.0,134598.0,134842.0,,,,,,,,,,,,,,,,
,COGS,,,,,15002,15897,16126,17289,15546,15171,16273,16945,15152,16167,16294,17418,15291,16398,16534.559999999998,16776.48,,,,,,,,,,,,,,51744.0,62850.0,47025.0,64314.0,63935.0,65031.0,65000.03999999999,,,,,,,,,,,,,,,,
,Gross Margin,,,,,13132,15453,15795,15799,12865,14476,16267,16132,15992,17889,18153,17533,16222,17533,17912.440000000002,18174.52,,,,,,,,,,,,,,50533.0,44563.0,44380.0,60179.0,59740.0,69567.0,69841.96,,,,,,,,,,,,,,,,
,SG&A,,,,,5245,5707,7320,6451,4656,4784,5193,5881,5589,6298,5778,5854,5375,5700,5778,5854,,,,,,,,,,,,,,19231.0,19910.0,18272.0,24723.0,20514.0,23519.0,22707.0,,,,,,,,,,,,,,,,
,R&D,,,,,5098,6283,6167,7390,5608,6292,5757,5658,5423,6381,6101,6287,5363,5889,6101,6287,,,,,,,,,,,,,,15772.0,18346.0,17548.0,24938.0,23315.0,24192.0,23640.0,,,,,,,,,,,,,,,,
,OpEx,,,,,10343,11990,13487,13841,10264,11076,10950,11539,11012,12679,11879,12141,10738,11589,11879,12141,,,,,,,,,,,,,,35003.0,38256.0,35820.0,49661.0,43829.0,47711.0,46347.0,,,,,,,,,,,,,,,,
,OpInc,,,,,2789,3463,2308,1958,2601,3400,5317,4593,4980,5210,6274,5392,5484,5944,6033.440000000002,6033.52,,,,,,,,,,,,,,15530.0,6307.0,8560.0,10518.0,15911.0,21856.0,23494.960000000006,,,,,,,,,,,,,,,,
,Interest,,,,,410,457,585,641,744,151,-4770,1781,2595,1369,1905,-2527,1246,771,1905,-2527,,,,,,,,,,,,,,11795.0,-6647.0,1452.0,2093.0,-2094.0,3342.0,1395.0,,,,,,,,,,,,,,,,
,Pretax,,,,,3199,3920,2893,2599,3345,3551,547,6374,7575,6579,8179,2865,6730,6715,7938.440000000002,3506.5200000000004,,,,,,,,,,,,,,27325.0,-340.0,10012.0,12611.0,13817.0,25198.0,24889.960000000006,,,,,,,,,,,,,,,,
,Taxes,,,,,913,1372,0,650,525,-86,693,1421,1750,1369,1498,266,1282,1369,1498,266,,,,,,,,,,,,,,4743.0,1948.0,2285.0,2935.0,2553.0,4883.0,4415.0,,,,,,,,,,,,,,,,
,Net Income,,,,,2286,2548,2893,1949,2820,3637,-146,4953,5825,5210,6681,2599,5448,5346,6440.440000000002,3240.5200000000004,,,,,,,,,,,,,,22582.0,-2288.0,7727.0,9676.0,11264.0,20315.0,20474.960000000006,,,,,,,,,,,,,,,,
,EPS,,,,,0.8231904933381347,0.9275573352748453,1.0413966882649388,0.6921164772727273,1.0191543187567762,1.2938456065457133,-0.052329749103942655,1.7682970367725812,2.053225237927388,1.8383909668313339,2.3475052705551653,0.9183745583038869,1.9346590909090908,1.886379675370501,2.27256175017643,1.1434438955539874,,,,,,,,,,,,,,,,2.7922187424716935,3.481201654973916,4.034022741516698,7.161364237243324,7.2362466866937645,,,,,,,,,,,,,,,,
,Shares,,,,,2777,2747,2778,2816,2767,2811,2790,2801,2837,2834,2846,2830,2816,2834,2834,2834,,,,,,,,,,,,,,,,2767.3333333333335,2779.5,2792.25,2836.75,2829.5,,,,,,,,,,,,,,,,
,,,,,,,,,,,,,,,,,,,,,,,,,,,,,,,,,,,,,,,,,,,,,,,,,,,,,,,,,
,Revenue y/y,,,,,,,,,0.009845738252648006,-0.054322169059011216,0.019391623069452635,-0.0003324468085106336,0.09619513568688176,0.14871656491381935,0.05860479409956976,0.056655682196087964,0.011848189057282354,-0.003670425182053072,0,0,,,,,,,,,,,,,,,,,,-0.0065706505586659025,0.0883201940570042,0.0018128055394581732,,,,,,,,,,,,,,,,
,Gross Margin,,,,,0.4667661903746357,0.49291866028708137,0.49481532533441935,0.4774842843326886,0.4528175706592517,0.4882787465848146,0.4999078057775046,0.4877104936965263,0.5134857436424352,0.5252818886539817,0.5269834818706999,0.5016451603673715,0.5147716815282581,0.516725118623088,0.52,0.52,,,,,,,,,,,,,,,,,,,,,,,,,,,,,,,,,,,,
,,,,,,,,,,,,,,,,,,,,,,,,,,,,,,,,,,,,,,,,,,,,,,,,,,,,,,,,,
,Net Cash,,,,,,,,,171599,,,,,,,,,206143,,,,,,,,,,,,,,,,,,,,,,,,,,,,,,,,,,,,,,
,Cash,,,,,,,,,255226,,,,,,,,,280691,,,,,,,,,,,,,,,,,,,,,,,,,,,,,,,,,,,,,,
,AR,,,,,,,,,9671,,,,,,,,,11112,,,,,,,,,,,,,,,,,,,,,,,,,,,,,,,,,,,,,,
,Related Parties,,,,,,,,,4374,,,,,,,,,1396,,,,,,,,,,,,,,,,,,,,,,,,,,,,,,,,,,,,,,
,OCA,,,,,,,,,9950,,,,,,,,,12757,,,,,,,,,,,,,,,,,,,,,,,,,,,,,,,,,,,,,,
,PP&E,,,,,,,,,23133,,,,,,,,,29154,,,,,,,,,,,,,,,,,,,,,,,,,,,,,,,,,,,,,,
,Copyrights,,,,,,,,,7096,,,,,,,,,6914,,,,,,,,,,,,,,,,,,,,,,,,,,,,,,,,,,,,,,
,Produced content,,,,,,,,,12032,,,,,,,,,14320,,,,,,,,,,,,,,,,,,,,,,,,,,,,,,,,,,,,,,
,Goodwill,,,,,,,,,24161,,,,,,,,,23398,,,,,,,,,,,,,,,,,,,,,,,,,,,,,,,,,,,,,,
,Taxes,,,,,,,,,2670,,,,,,,,,2342,,,,,,,,,,,,,,,,,,,,,,,,,,,,,,,,,,,,,,
,Leases,,,,,,,,,10769,,,,,,,,,10919,,,,,,,,,,,,,,,,,,,,,,,,,,,,,,,,,,,,,,
,ONCA,,,,,,,,,16551,,,,,,,,,22524,,,,,,,,,,,,,,,,,,,,,,,,,,,,,,,,,,,,,,
,Assets,,,,,,,,,375633,0,0,0,0,0,0,0,0,415527,,,,,,,,,,,,,,,,,,,,,,,,,,,,,,,,,,,,,,
,,,,,,,,,,,,,,,,,,,,,,,,,,,,,,,,,,,,,,,,,,,,,,,,,,,,,,,,,
,Debt,,,,,,,,,83627,,,,,,,,,74548,,,,,,,,,,,,,,,,,,,,,,,,,,,,,,,,,,,,,,
,AP,,,,,,,,,35693,,,,,,,,,37988,,,,,,,,,,,,,,,,,,,,,,,,,,,,,,,,,,,,,,
,DR,,,,,,,,,13621,,,,,,,,,15136,,,,,,,,,,,,,,,,,,,,,,,,,,,,,,,,,,,,,,
,Related,,,,,,,,,1553,,,,,,,,,1898,,,,,,,,,,,,,,,,,,,,,,,,,,,,,,,,,,,,,,
,Leases,,,,,,,,,11196,,,,,,,,,8252,,,,,,,,,,,,,,,,,,,,,,,,,,,,,,,,,,,,,,
,Taxes,,,,,,,,,3006,,,,,,,,,2940,,,,,,,,,,,,,,,,,,,,,,,,,,,,,,,,,,,,,,
,ONCL,,,,,,,,,1707,,,,,,,,,1827,,,,,,,,,,,,,,,,,,,,,,,,,,,,,,,,,,,,,,
,SE,,,,,,,,,225230,,,,,,,,,272938,,,,,,,,,,,,,,,,,,,,,,,,,,,,,,,,,,,,,,
,L+SE,,,,,,,,,375633,,,,,,,,,415527,,,,,,,,,,,,,,,,,,,,,,,,,,,,,,,,,,,,,,
,,,,,,,,,,,,,,,,,,,,,,,,,,,,,,,,,,,,,,,,,,,,,,,,,,,,,,,,,
,CFFO,,,,,,,,,,,,,,9746,,,5284,7970,,,,,,,,,,,,,,,,,,,,26241.0,33263.0,,,,,,,,,,,,,,,,,
,CapEx,,,,,,,,,,,,,,2693,,,2016,2090,,,,,,,,,,,,,,,,,,,,8112.0,11154.0,,,,,,,,,,,,,,,,,
,FCF,,,,,,,,,,,,,,7053,,,3268,5880,,,,,,,,,,,,,,,,,,,,18129.0,22109.0,,,,,,,,,,,,,,,,,
