Main,Unnamed: 1,Unnamed: 2,Unnamed: 3,Unnamed: 4,Unnamed: 5,Unnamed: 6,Unnamed: 7,Unnamed: 8,Unnamed: 9,Unnamed: 10,Unnamed: 11,Unnamed: 12,Unnamed: 13,Unnamed: 14,Unnamed: 15,Unnamed: 16,Unnamed: 17,Unnamed: 18,Unnamed: 19,Unnamed: 20,Unnamed: 21,Unnamed: 22,Unnamed: 23,Unnamed: 24,Unnamed: 25,Unnamed: 26,Unnamed: 27,Unnamed: 28,Unnamed: 29,Unnamed: 30,Unnamed: 31,Unnamed: 32,Unnamed: 33
,,Q100,Q200,Q300,Q400,Q101,Q201,Q301,Q401,Q102,Q202,Q302,Q402,Q103,Q203,Q303,Q403,Q104,Q204,Q304,Q404,Q105,Q205,Q305,,2000.0,2001.0,2002.0,2003.0,2004.0,2005.0,2006.0,2007.0
,Coronary Stents,17,27,50,64,68,79.2,78.2,90.2,104,101,101,99,52,209,430,470,432.4,211,269,307,317,320,347,,158.0,315.59999999999997,405.0,1161.0,1219.4,,,
,     International,20,20,26,30,26,37.2,32.2,55,38,61,73.5,98,110,115,90,110,122.4,136,179,254,300,339,309,,96.0,150.4,270.5,425.0,691.4,,,
,Cordis Ex Coronary Stents,94,89,99,101,,115.4,118.3,,,130,124.8,139.5,132,151,144,169,159,157,158.5,172.6,,,,,383.0,233.7,394.3,596.0,647.1,,,
,     International,118,111,95,95,,110.2,98.2,101,,117,115,112.5,126,124,127,147,163.2,160,149.5,181.5,,,,,419.0,309.4,344.5,524.0,654.2,,,
,     Worldwide,212,200,194,196,,225.60000000000002,216.5,,,247,239.8,252,258,275,271,316,322.2,317,308,354.1,,,,,802.0,543.0999999999999,738.8,1120.0,1301.3000000000002,,,
,Total Cordis,111,116,149,165,167.4,194.2,195.5,210.5,214,,,,,,,,,,,,476.4,485,519.49,,541.0,767.6,214.0,,,,,
,     International,138,131,121,125,143,147.3,130.2,155.5,155,,,,,,,,,,,,492.5,529,474.68,,515.0,576.0,155.0,,,,,
,     Worldwide,249,247,270,290,310.4,341.5,325.7,366,369,,,,,,,,,,,,968.9,1014,994.1700000000001,,1056.0,1343.6,369.0,,,,,
,DePuy,286,279,270,288,320,327.4,323.5,346.8,404.5,412,400.2,426.9,468,468,461,493.2,510,506,490,583,606,597,565,,1123.0,1317.7,1642.5,1890.2,2089.0,,,
,     International,184,177,159,172,190,180.8,171.4,-126.9,212,221,214.5,244.5,-120.10000000000002,280,257,309.2,328.9,332.5,299.9,369,387,383,332,,692.0,415.30000000000007,-490.6999999999998,726.0999999999999,1330.3,,,
,     Worldwide,470,456,429,460,510,508.2,494.9,219.9,616.5,633,614.7,671.4,347.9,748,718,802.4,838.9,838.5,789.9,952,993,980,897,,1815.0,1733.0,1151.8000000000002,2616.3,3419.3,,,
,Ethicon,193,215,206,229,253,271,285.5,280.5,248,271.4,270,272.4,253.3,269.8,263.4,266,240.8,261,264.9,266,292,296,296,,843.0,1090.0,1061.8,1052.5,1032.7,,,
,     International,289,294,271,274,324,323,310.5,326.5,316,335.4,325.5,348,375.2,403.6,376.5,431,440.5,454.6,422.5,487,497,502.4,449,,1128.0,1284.0,1324.9,1586.3,1804.6,,,
,     Worldwide,482,509,477,503,577,594,596,607,564,606.8,595.5,620.4,628.5,673.4000000000001,639.9,697,681.3,715.6,687.4,753,789,798.4,745,,1971.0,2374.0,2386.7,2638.8,2837.3,,,
,Ethicon Endo-Surgery,251,266,270,286,267,290,301.4,301,302,335,341.5,358.5,350,353,343,354,333.9,358.4,350,404,371,386,372,,1073.0,1159.4,1337.0,1400.0,1446.3,,,
,     International,197,197,183,196,208,209,201.5,222,219,240.4,229,266.4,273,296,279,339,331.5,352,322,398.4,394,399,351,,773.0,840.5,954.8,1187.0,1403.9,,,
,     Worldwide,448,463,453,482,475,499,502.9,523,521,575.4,570.5,624.9,623,649,622,693,665.4,710.4,672,802.4,765,785,723,,1846.0,1999.9,2291.8,2587.0,2850.2,,,
,Lifescan,155,171,172.2,164,171,180,199,183.5,215.2,236,213.2,213,213,173,214,215,219,236.4,225,240,272,255,255,,662.2,733.5,877.4,815.0,920.4,,,
,     International,78,81,82,84,87,84,89,101.4,103,116.5,111.4,134.2,135.4,157,147.6,172.2,181,183.2,195,221.4,228.8,218.8,207,,325.0,361.4,465.09999999999997,612.2,780.6,,,
,     Worldwide,233,252,254.2,248,258,264,288,284.9,318.2,352.5,324.6,347.2,348.4,330,361.6,387.2,400,419.6,420,461.4,500.8,473.8,462,,987.2,1094.9,1342.5,1427.2,1701.0,,,
,Ortho-Clinical Dx,126,125,120,126,139.5,131.5,133.5,136.5,146,137.5,145,143.5,150,145.5,145.5,147,147.2,153.1,156,159,178.8,187,178,,497.0,541.0,572.0,588.0,615.3,,,
,     International,123,126,117,115,123.4,122,120,115.4,122.5,131.4,129.4,137.8,136.5,148.9,141,162,155.4,163.4,153,185,176,179,164,,481.0,480.79999999999995,521.1,588.4,656.8,,,
,     Worldwide,249,251,237,241,262.9,252.5,253.5,251.9,268.5,268.9,274.4,281.3,286.5,294.4,286.5,309,302.6,316.5,309,344,354.8,366,342,,978.0,1021.8,1093.1,1176.4,1272.1,,,
,Total Vision Care,103,103,111,104,102.5,100,109,98,116,115,122.4,100.4,118,122,132.3,112.5,141,145,149,138.8,152.8,162,169.4,,421.0,409.5,453.79999999999995,484.8,573.8,,,
,     International,139,152,163,157,156.4,158,166,154,154.4,173,190.4,197.5,182,195,210.2,225.5,213,232,243.4,268,254,264,273.8,,611.0,634.4,715.3,812.7,956.4,,,
,     Worldwide,242,255,274,261,258.9,258,275,252,270.4,288,312.8,297.9,300,317,342.5,338,354,377,392.4,406.8,406.8,426,443.20000000000005,,1032.0,1043.9,1169.1,1297.5,1530.2,,,
,Other MD&D,86,85,92,83,42.4,35.4,22,17,17.4,20.4,21.4,16.4,11,12,12,10,10.7,10,10.5,9.5,12,10,10,,346.0,116.8,75.6,45.0,40.7,,,
,     International,66,62,62,60,40.4,30.4,14.4,13,13,12,12.4,9.4,6.4,6,5.2,8,6.1,4.9,7,6,6.4,2.3,6,,250.0,98.2,46.8,25.6,24.0,,,
,     Worldwide,152,147,154,143,82.8,65.8,36.4,30,30.4,32.4,33.8,25.799999999999997,17.4,18,17.2,18,16.799999999999997,14.9,17.5,15.5,18.4,12.3,16,,596.0,215.0,122.39999999999999,70.6,64.69999999999999,,,
,Total MD&D ,1311,1360,1390.2,1445,1462.8000000000002,1529.5,1569.4,1573.8,1663.1000000000001,1527.3000000000002,1513.7000000000003,1531.1000000000001,1563.8,1543.8,1571.7,1598.2,1602.6,1669.9,1645.4,1800.3,2361.0000000000005,2378,2364.89,,5506.2,6135.500000000001,6235.200000000001,6277.5,6718.2,,,
,     International,1214,1220,1158,1183,1272.2000000000003,1254.5,1203,960.9,1294.9,1229.7,1212.6000000000001,1337.8,988.3999999999999,1486.5,1416.5,1646.9,1656.4,1722.6000000000001,1642.8000000000002,1934.8000000000002,2435.7000000000003,2477.5,2257.48,,4775.0,4690.6,5075.000000000001,5538.299999999999,6956.6,,,
,     Worldwide,2525,2580,2548.2,2628,2735.0000000000005,2784,2772.4,2534.7,2958,2756,2726.3,2868.9,2552.2,3030.3,2988.2,3245.1000000000004,3259,3392.5,3288.2000000000003,3735.1000000000004,4796.700000000001,4855.5,4622.37,,10281.2,10826.100000000002,11309.199999999999,11815.800000000001,13674.800000000001,,,
,,,,,,,,,,,,,,,,,,,,,,,,,,,,,,,,,
,,,,,,,,,,,,,,,,,,,,,,,,,,,,,,,,,
,,,,,,,,,,,,,,,,,,,,,,,,,,,,,,,,,
,,,,,,,,,,,,,,,,,,,,,,,,,,,,,,,,,
,,,,,,,,,,,,,,,,,,,,,,,,,,,,,,,,,
,,,,,,,,,,,,,,,,,,,,,,,,,,,,,,,,,
,,,,,,,,,,,,,,,,,,,,,,,,,,,,,,,,,
,,,,,,,,,,,,,,,,,,,,,,,,,,,,,,,,,
,,,,,,,,,,,,,,,,,,,,,,,,,,,,,,,,,
,,,,,,,,,,,,,,,,,,,,,,,,,,,,,,,,,
,,,,,,,,,,,,,,,,,,,,,,,,,,,,,,,,,
,,,,,,,,,,,,,,,,,,,,,,,,,,,,,,,,,
,,,,,,,,,,,,,,,,,,,,,,,,,,,,,,,,,
,,,,,,,,,,,,,,,,,,,,,,,,,,,,,,,,,
,,,,,,,,,,,,,,,,,,,,,,,,,,,,,,,,,
,,,,,,,,,,,,,,,,,,,,,,,,,,,,,,,,,
,,,,,,,,,,,,,,,,,,,,,,,,,,,,,,,,,
,,,,,,,,,,,,,,,,,,,,,,,,,,,,,,,,,
,,,,,,,,,,,,,,,,,,,,,,,,,,,,,,,,,
,,,,,,,,,,,,,,,,,,,,,,,,,,,,,,,,,
,,,,,,,,,,,,,,,,,,,,,,,,,,,,,,,,,
,,,,,,,,,,,,,,,,,,,,,,,,,,,,,,,,,
,,,,,,,,,,,,,,,,,,,,,,,,,,,,,,,,,
,,,,,,,,,,,,,,,,,,,,,,,,,,,,,,,,,
,,,,,,,,,,,,,,,,,,,,,,,,,,,,,,,,,
,,,,,,,,,,,,,,,,,,,,,,,,,,,,,,,,,
,,,,,,,,,,,,,,,,,,,,,,,,,,,,,,,,,
,,,,,,,,,,,,,,,,,,,,,,,,,,,,,,,,,
,,,,,,,,,,,,,,,,,,,,,,,,,,,,,,,,,
,,,,,,,,,,,,,,,,,,,,,,,,,,,,,,,,,
,,,,,,,,,,,,,,,,,,,,,,,,,,,,,,,,,
,,,,,,,,,,,,,,,,,,,,,,,,,,,,,,,,,
,,,,,,,,,,,,,,,,,,,,,,,,,,,,,,,,,
,,,,,,,,,,,,,,,,,,,,,,,,,,,,,,,,,
,Legacy,,,,,,,,,,,,,,,,,,,,,,,,,,,,,,,,
,,1995,1996,1997,1998,1999,2000,2001,2002,2003,2004,2005,2006,2007,2008,2009,,,,,,,,,,,,,,,,,
,J&J Medical Systems,950,965,,,,494,,,,,,,,,,,,,,,,,,,,,,,,,,
,    U.S.,550,560,,,,261,,,,,,,,,,,,,,,,,,,,,,,,,,
,    International,400,405,,,,234,,,,,,,,,,,,,,,,,,,,,,,,,,
,,,,,,,,,,,,,,,,,,,,,,,,,,,,,,,,,
,IBOT Transporter,,,,,,,,,8,15,22,27,33,39,45,,,,,,,,,,,,,,,,,
,    U.S.,,,,,,,,,5,10,16,20,25,30,35,,,,,,,,,,,,,,,,,
,    International,,,,,,,,,3,5,6,7,8,9,10,,,,,,,,,,,,,,,,,
,,,,,,,,,,,,,,,,,,,,,,,,,,,,,,,,,
,Other Professional,97,114,111,200,204,,,,,50,41,40.400000000000006,41.940000000000005,43.63400000000001,45.49740000000001,,,,,,,,,,,,,,,,,
,    U.S.,81,21,21,53,105,,,,,32,27,25,25,25,25,,,,,,,,,,,,,,,,,
,    International,16,93,90,147,99,,,,,18,14,15.400000000000002,16.940000000000005,18.634000000000007,20.49740000000001,,,,,,,,,,,,,,,,,
,,,,,,,,,,,,,,,,,,,,,,,,,,,,,,,,,
,Total MD&D,6737,8068.190842631781,7359.420999999999,7430.25508,,,,,,,,,,,,,,,,,,,,,,,,,,,,
,    U.S.,3635,4378.217391304348,4041.401,3933.49083,,,,,,,,,,,,,,,,,,,,,,,,,,,,
,    International,3102,3689.9734513274334,3318.0199999999995,3496.7642499999997,,,,,,,,,,,,,,,,,,,,,,,,,,,,
